inputs,tags
apa feminicare,tentang_feminicare
feminicare,tentang_feminicare
definisikan feminicare,tentang_feminicare
apa feminicare,tentang_feminicare
feminicare,tentang_feminicare
jelaskan feminicare,tentang_feminicare
siapa kamu,tentang_aku
kamu siapa,tentang_aku
siapa,tentang_aku
siapa kamu,tentang_aku
apa pengertian menstruasi,pengertian_menstruasi
menstruasi,pengertian_menstruasi
definisikan menstruasi,pengertian_menstruasi
apa menstruasi,pengertian_menstruasi
menstruasi,pengertian_menstruasi
jelaskan menstruasi,pengertian_menstruasi
bagaimana fase siklus menstruasi normal,siklus_menstruasi_normal
siklus menstruasi normal,siklus_menstruasi_normal
siklus menstruasi,siklus_menstruasi_normal
bagaimana siklus menstruasi normal,siklus_menstruasi_normal
apa penyebab menstruasi normal,penyebab_menstruasi_tidak_normal
mengapa menstruasi normal,penyebab_menstruasi_tidak_normal
faktor penyebab menstruasi normal,penyebab_menstruasi_tidak_normal
apa gejala menstruasi,gejala_menstruasi
gejala menstruasi,gejala_menstruasi
tandatanda menstruasi,gejala_menstruasi
gejala menstruasi,gejala_menstruasi
apa gejala pramenstruasi pm,gejala_pms
tandatanda pm,gejala_pms
gejala menstruasi,gejala_pms
gejala pramenstruasi,gejala_pms
bagaimana mendiagnosis gangguan menstruasi,diagnosis_gangguan_menstruasi
cara mendeteksi gangguan menstruasi,diagnosis_gangguan_menstruasi
prose diagnosis gangguan menstruasi,diagnosis_gangguan_menstruasi
cara dokter mendiagnosis gangguan menstruasi,diagnosis_gangguan_menstruasi
apa pengobatan gangguan menstruasi,pengobatan_gangguan_menstruasi
cara mengobati gangguan menstruasi,pengobatan_gangguan_menstruasi
pengobatan menstruasi,pengobatan_gangguan_menstruasi
bagaimana mengatasi gangguan menstruasi,pengobatan_gangguan_menstruasi
langkahlangkah pengobatan gangguan menstruasi,pengobatan_gangguan_menstruasi
apa dampak gangguan menstruasi,dampak_gangguan_menstruasi
efek samping gangguan menstruasi,dampak_gangguan_menstruasi
dampak buruk gangguan menstruasi,dampak_gangguan_menstruasi
dampak gangguan menstruasi,dampak_gangguan_menstruasi
bagaimana mencegah gangguan menstruasi,pencegahan_gangguan_menstruasi
pencegahan gangguan menstruasi,pencegahan_gangguan_menstruasi
menghindari menstruasi,pencegahan_gangguan_menstruasi
tip mencegah gangguan menstruasi,pencegahan_gangguan_menstruasi
apa faktor risiko memengaruhi gangguan menstruasi,faktor_risiko_gangguan_menstruasi
faktorfaktor mempengaruhi menstruasi,faktor_risiko_gangguan_menstruasi
apa meningkatkan risiko menstruasi,faktor_risiko_gangguan_menstruasi
faktor risiko gangguan menstruasi,faktor_risiko_gangguan_menstruasi
penyebab risiko gangguan menstruasi,faktor_risiko_gangguan_menstruasi
apa gejala gengguan menstruasi,gejala_gangguan_menstruasi
apa tandatanda gengguan menstruasi,gejala_gangguan_menstruasi
apa penyebab gangguan menstruasi,penyebab_gangguan_menstruasi
penyebab menstruasi,penyebab_gangguan_menstruasi
faktor penyebab gangguan menstruasi,penyebab_gangguan_menstruasi
penyebab gangguan menstruasi,penyebab_gangguan_menstruasi
apa menyebabkan keputihan wanita,penyebab_keputihan
penyebab keputihan perempuan,penyebab_keputihan
faktor penyebab keputihan,penyebab_keputihan
apa menyebabkan keputihan,penyebab_keputihan
penyebab keputihan,penyebab_keputihan
bagaimana mengatasi keputihan normal,pengobatan_keputihan
cara mengobati keputihan normal,pengobatan_keputihan
pengobatan keputihan normal,pengobatan_keputihan
mengatasi keputihan,pengobatan_keputihan
cara menghilangkan keputihan normal,pengobatan_keputihan
apakah jamu pelancar menstruasi mengatasi keputihan,jamu_keputihan
jamu pelancar menstruasi mengatasi keputihan,jamu_keputihan
obat herbal keputihan,jamu_keputihan
jamu tradisional mengatasi keputihan,jamu_keputihan
apa ciriciri darah menstruasi normal,ciri_ciri_darah_menstruasi_normal
bagaimana mengidentifikasi darah menstruasi normal,ciri_ciri_darah_menstruasi_normal
warna tekstur darah menstruasi sehat,ciri_ciri_darah_menstruasi_normal
cara darah menstruasi normal,ciri_ciri_darah_menstruasi_normal
ciriciri menstruasi,ciri_ciri_darah_menstruasi_normal
apakah wanita penebalan dinding rahim hamil,penebalan_dinding_rahim_hamil
penebalan dinding rahim kehamilan,penebalan_dinding_rahim_hamil
apakah penebalan rahim memengaruhi kesuburan hamil,penebalan_dinding_rahim_hamil
kehamilan penebalan dinding rahim,penebalan_dinding_rahim_hamil
apa penyebab penebalan dinding rahim,penyebab_penebalan_dinding_rahim
faktor penyebab penebalan rahim,penyebab_penebalan_dinding_rahim
penyebab penebalan dinding rahim,penyebab_penebalan_dinding_rahim
apa memicu penebalan dinding rahim,penyebab_penebalan_dinding_rahim
bagaimana kerja kontrasepsi iud,cara_kerja_IUD
cara kerja iud,cara_kerja_IUD
prinsip kerja iud,cara_kerja_IUD
mekanisme iud,cara_kerja_IUD
apa jenisjenis iud,jenis_IUD
macammacam iud,jenis_IUD
jenis iud,jenis_IUD
iud berhormon v nonhormon,perbedaan_IUD_hormonal_non
perbedaan iud berhormon nonhormon,perbedaan_IUD_hormonal_non
perbedaan iud hormonal iud nonhormonal,perbedaan_IUD_hormonal_non
seberapa efektif iud metode kontrasepsi,tingkat_efektivitas_IUD_kontrasepsi
tingkat efektivitas keberhasilan iud,tingkat_efektivitas_IUD_kontrasepsi
berapa persen efektivitas iud,tingkat_efektivitas_IUD_kontrasepsi
keandalan kontrasepsi iud,tingkat_efektivitas_IUD_kontrasepsi
apakah iud kontrasepsi bagus,tingkat_efektivitas_IUD_kontrasepsi
bagaimana pemasangan iud,cara_pemasangan_IUD
langkahlangkah pemasangan iud,cara_pemasangan_IUD
prosedur pemasangan iud,cara_pemasangan_IUD
cara memasang iud,cara_pemasangan_IUD
kapan pemasangan iud,waktu_pemasangan_IUD
waktu terbaik memasang iud,waktu_pemasangan_IUD
kapan iud ditempatkan,waktu_pemasangan_IUD
kapan pemasangan iud,waktu_pemasangan_IUD
pemasangan iud,waktu_pemasangan_IUD
apa efek samping pemasangan iud,dampak_pemasangan_IUD
reaksi tubuh memasang iud,dampak_pemasangan_IUD
efek samping iud,dampak_pemasangan_IUD
apa dampak dirasakan pemasangan iud,dampak_pemasangan_IUD
dampak pemasangan iud,dampak_pemasangan_IUD
dampak pemasangan iud,dampak_pemasangan_IUD
apa tandatanda menstruasi dianggap normal,gejala_menstruasi_tidak_normal
ciriciri menstruasi normal,gejala_menstruasi_tidak_normal
gejala menstruasi normal,gejala_menstruasi_tidak_normal
tanda menstruasi normal,gejala_menstruasi_tidak_normal
gejala menstruasi normal,gejala_menstruasi_tidak_normal
bagaimana kesehatan mental wanita dipengaruhi menstruasi,kesehatan_mental
apa menjaga kesehatan mental menstruasi,kesehatan_mental
bagaimana siklus menstruasi memengaruhi kesehatan mental,kesehatan_mental
kesehatan mental menstruasi,kesehatan_mental
perbandingan menstrual cup tampon pembalut,perbedaan_produk_menstruasi
apa beda menstrual cup tampon pembalut,perbedaan_produk_menstruasi
mana menstrual cup pembalut tampon,perbedaan_produk_menstruasi
produk menstruasi terbaik,perbedaan_produk_menstruasi
kelebihan kekurangan menstrual cup tampon pembalut,perbedaan_produk_menstruasi
bagaimana mengelola pendarahan menstruasi,mengatasi_pendarahan_menstruasi
tip mengatasi pendarahan menstruasi,mengatasi_pendarahan_menstruasi
cara menghentikan pendarahan menstruasi,mengatasi_pendarahan_menstruasi
pendarahan menstruasi,mengatasi_pendarahan_menstruasi
apakah olahraga aman menstruasi,olahraga_selama_menstruasi
bolehkah berolahraga menstruasi,olahraga_selama_menstruasi
manfaat olahraga menstruasi,olahraga_selama_menstruasi
tip berolahraga menstruasi,olahraga_selama_menstruasi
suplemen membantu mengatasi gejala menstruasi,suplemen_selama_menstruasi
apa suplemen mengurangi kram perut menstruasi,suplemen_selama_menstruasi
suplemen menstruasi,suplemen_selama_menstruasi
penggunaan suplemen menstruasi,suplemen_selama_menstruasi
apa suplemen membantu mengurangi gejala menstruasi,suplemen_selama_menstruasi
suplemen gejala menstruasi,suplemen_selama_menstruasi
mengatasi gejala menstruasi suplemen,suplemen_selama_menstruasi
apa pengertian monoupouse,pengertian_monoupouse
monoupouse,pengertian_monoupouse
definisikan monoupouse,pengertian_monoupouse
definisi monoupouse,pengertian_monoupouse
apa monoupouse,pengertian_monoupouse
monoupouse,pengertian_monoupouse
jelaskan monoupouse,pengertian_monoupouse
bagaimana stres memengaruhi siklus menstruasi,stres_siklus_menstruasi
stres menstruasi,stres_siklus_menstruasi
pengaruh stres menstruasi,stres_siklus_menstruasi
stres menstruasi,stres_siklus_menstruasi
apa membedakan pendarahan implantasi darah menstruasi,perbedaan_implantasi_dan_menstruasi
bagaimana membedakan tandatanda pendarahan implantasi menstruasi,perbedaan_implantasi_dan_menstruasi
pembedaan pendarahan implantasi menstruasi,perbedaan_implantasi_dan_menstruasi
tandatanda pendarahan implantasi menstruasi,perbedaan_implantasi_dan_menstruasi
pendarahan implantasi v menstruasi,perbedaan_implantasi_dan_menstruasi
perbandingan implantasi menstruasi,perbedaan_implantasi_dan_menstruasi
apakah pendarahan implantasi menstruasi,waktu_pendarahan_implantasi
kapan pendarahan implantasi,waktu_pendarahan_implantasi
pendarahan implantasi,waktu_pendarahan_implantasi
apa pengertian menstrual cup,pengertian_menstrual_cup
menstrual cup,pengertian_menstrual_cup
definisikan menstrual cup,pengertian_menstrual_cup
definisi menstrual cup,pengertian_menstrual_cup
apa menstrual cup,pengertian_menstrual_cup
menstrual cup,pengertian_menstrual_cup
jelaskan menstrual cup,pengertian_menstrual_cup
bagaimana menstrual cup,cara_penggunaan_menstrual_cup
panduan penggunaan menstrual cup,cara_penggunaan_menstrual_cup
tahapan penggunaan menstrual cup,cara_penggunaan_menstrual_cup
mekanisme penggunaan menstrual cup,cara_penggunaan_menstrual_cup
tip menstrual cup,cara_penggunaan_menstrual_cup
apa manfaat kelemahan menstrual cup,keuntungan_kerugian_menstrual_cup
keuntungan kerugian menstrual cup,keuntungan_kerugian_menstrual_cup
pro kontra menstrual cup,keuntungan_kerugian_menstrual_cup
bagaimana membersihkan menstrual cup,cara_membersihkan_menstrual_cup
cara merawat menstrual cup,cara_membersihkan_menstrual_cup
menstrual cup bersih,cara_membersihkan_menstrual_cup
cara membersihkan menstrual cup,cara_membersihkan_menstrual_cup
membersihkan menstrual cup,cara_membersihkan_menstrual_cup
berapa menstrual cup diganti,durasi_penggunaan_menstrual_cup
lama penggunaan menstrual cup,durasi_penggunaan_menstrual_cup
kapan mengganti menstrual cup,durasi_penggunaan_menstrual_cup
durasi penggunaan menstrual cup,durasi_penggunaan_menstrual_cup
apa pengertian pembalut,pengertian_pembalut
pembalut,pengertian_pembalut
definisikan pembalut,pengertian_pembalut
definisi pembalut,pengertian_pembalut
apa pembalut,pengertian_pembalut
pembalut,pengertian_pembalut
jelaskan pembalut,pengertian_pembalut
bagaimana memakai pembalut,cara_penggunaan_pembalut
panduan pemakaian pembalut,cara_penggunaan_pembalut
tahapan pemakaian pembalut,cara_penggunaan_pembalut
cara memasang pembalut,cara_penggunaan_pembalut
bagaimana pembalut,cara_penggunaan_pembalut
panduan penggunaan pembalut,cara_penggunaan_pembalut
tahapan penggunaan pembalut,cara_penggunaan_pembalut
mekanisme penggunaan pembalut,cara_penggunaan_pembalut
tip pembalut,cara_penggunaan_pembalut
apa manfaat kerugian penggunaan pembalut,keuntungan_kerugian_pembalut
keuntungan kerugian pembalut,keuntungan_kerugian_pembalut
pro kontra pembalut,keuntungan_kerugian_pembalut
bagaimana memilih pembalut sesuai kebutuhan,cara_memilih_pembalut
tip memilih pembalut,cara_memilih_pembalut
pemilihan pembalut sesuai,cara_memilih_pembalut
apa diperhatikan memilih pembalut,cara_memilih_pembalut
memilih pembalut,cara_memilih_pembalut
apa keuntungan kerugian iud,keuntungan_kerugian_IUD
kelebihan kekurangan iud,keuntungan_kerugian_IUD
manfaat kelemahan iud,keuntungan_kerugian_IUD
pro kontra iud,keuntungan_kerugian_IUD
bagaimana menghilangkan iud hamil mengganti metode kontrasepsi,cara_menghilangkan_IUD
menghilangkan iud,cara_menghilangkan_IUD
menghilangkan iud,cara_menghilangkan_IUD
menghilangkan iud,cara_menghilangkan_IUD
prose penghilangan iud,cara_menghilangkan_IUD
mengganti iud metode kontrasepsi,cara_menghilangkan_IUD
bagaimana mengatasi mengelola menstruasi normal,pengobatan_menstruasi_tidak_normal
mengatasi menstruasi normal,pengobatan_menstruasi_tidak_normal
tip mengatasi menstruasi normal,pengobatan_menstruasi_tidak_normal
pengobatan menstruasi normal,pengobatan_menstruasi_tidak_normal
apakah menstruasi normal gejala penyakit serius,menstruasi_tidak_selalu_penyakit_serius
menstruasi normal penyakit serius,menstruasi_tidak_selalu_penyakit_serius
ketika menstruasi normal serius,menstruasi_tidak_selalu_penyakit_serius
seberapa efektif iud mencegah kehamilan dibandingkan metode kontrasepsi,efektivitas_IUD_vs_metode_kontrasepsi_lain
iud v metode kontrasepsi,efektivitas_IUD_vs_metode_kontrasepsi_lain
efektivitas iud v metode mencegah kehamilan,efektivitas_IUD_vs_metode_kontrasepsi_lain
perbandingan iud metode,efektivitas_IUD_vs_metode_kontrasepsi_lain
perbedaan iud metode,efektivitas_IUD_vs_metode_kontrasepsi_lain
berapa persentase keberhasilan kontrasepsi iud praktik seharihari,efektivitas_IUD_praktik_sehari-hari
efektivitas iud kehidupan seharihari,efektivitas_IUD_praktik_sehari-hari
keberhasilan iud penggunaan seharihari,efektivitas_IUD_praktik_sehari-hari
apa kegagalan kontrasepsi iud,kegagalan_kontrasepsi_IUD
kegagalan iud mencegah kehamilan,kegagalan_kontrasepsi_IUD
tindakan iud efektif,kegagalan_kontrasepsi_IUD
tindakan iud,kegagalan_kontrasepsi_IUD
tindakan iud gagal,kegagalan_kontrasepsi_IUD
bagaimana pemasangan iud medis,proses_pemasangan_IUD
prosedur pemasangan iud,proses_pemasangan_IUD
langkahlangkah pemasangan iud,proses_pemasangan_IUD
bagaimana pemasangan iud,proses_pemasangan_IUD
panduan pemasangan iud,proses_pemasangan_IUD
tahapan pemasangan iud,proses_pemasangan_IUD
cara memasangan iud,proses_pemasangan_IUD
bagaimana pemasangan iud,proses_pemasangan_IUD
mekanisme pemasangan iud,proses_pemasangan_IUD
tip pemasangan iud,proses_pemasangan_IUD
apakah pemasangan iud anestesi pembiusan,anestesi_pemasangan_IUD
pembiusan pemasangan iud,anestesi_pemasangan_IUD
anestesi pemasangan iud,anestesi_pemasangan_IUD
berapa pemasangan iud,lama_pemasangan_IUD
durasi pemasangan iud,lama_pemasangan_IUD
prose pemasangan iud,lama_pemasangan_IUD
apakah pemasangan iud menyakitkan,nyeri_pemasangan_IUD
nyeri memasang iud,nyeri_pemasangan_IUD
rasa sakit pemasangan iud,nyeri_pemasangan_IUD
berapa efek samping iud,lama_efek_samping_IUD
durasi efek samping iud,lama_efek_samping_IUD
lama reaksi memasang iud,lama_efek_samping_IUD
efek samping iud,lama_efek_samping_IUD
bagaimana mengelola efek samping iud,mengelola_efek_samping_IUD
tip mengatasi efek samping iud,mengelola_efek_samping_IUD
pengelolaan efek samping iud,mengelola_efek_samping_IUD
apakah efek samping iud berbeda iud hormonal nonhormonal,perbedaan_efek_samping_IUD_hormonal_vs_non-hormonal
perbedaan efek samping iud hormonal nonhormonal,perbedaan_efek_samping_IUD_hormonal_vs_non-hormonal
efek samping iud hormonal v nonhormonal,perbedaan_efek_samping_IUD_hormonal_vs_non-hormonal
bagaimana diet gaya hidup memengaruhi menstruasi,dampak_diet_dan_gaya_hidup_pada_menstruasi
diet gaya hidup memengaruhi siklus menstruasi,dampak_diet_dan_gaya_hidup_pada_menstruasi
efek diet gaya hidup menstruasi,dampak_diet_dan_gaya_hidup_pada_menstruasi
dampak diet gaya hidup menstruasi,dampak_diet_dan_gaya_hidup_pada_menstruasi
pengaruh diet gaya hidup menstruasi,dampak_diet_dan_gaya_hidup_pada_menstruasi
bagaimana penyakit memengaruhi menstruasi,penyakit_menstruasi
pengaruh kondisi medis menstruasi,penyakit_menstruasi
penyakit menstruasi,penyakit_menstruasi
penyakit mempengaruhi menstruasi,penyakit_menstruasi
apakah pola tidur stres memengaruhi menstruasi,pola_tidur_stres_menstruasi
pengaruh stres pola tidur siklus menstruasi,pola_tidur_stres_menstruasi
pengaruh pola tidur stres siklus menstruasi,pola_tidur_stres_menstruasi
pengaruh stres siklus menstruasi,pola_tidur_stres_menstruasi
apa tanda menstruasi,gejala_mendekati_menstruasi
tandatanda mendekati menstruasi,gejala_mendekati_menstruasi
cara mengidentifikasi tanda mendekati menstruasi,gejala_mendekati_menstruasi
gejala mendekati menstruasi,gejala_mendekati_menstruasi
bagaimana mengidentifikasi perubahan fisik emosional menstruasi,gejala_perubahan_fisik_emosional_sebelum_menstruasi
tandatanda fisik emosional menstruasi,gejala_perubahan_fisik_emosional_sebelum_menstruasi
tandatanda perubahan fisik emosional menstruasi,gejala_perubahan_fisik_emosional_sebelum_menstruasi
bagaimana mengenali efek samping penggunaan suplemen menstruasi,dampak_suplemen_menstruasi
efek samping suplemen menstruasi,dampak_suplemen_menstruasi
dampak penggunaan suplemen menstruasi,dampak_suplemen_menstruasi
efek samping penggunaan suplemen mentruasi,dampak_suplemen_menstruasi
tandatanda efek samping suplemen menstruasi,dampak_suplemen_menstruasi
apakah suplemen khusus direkomendasikan pm,suplemen_PMS
suplemen mengatasi pm,suplemen_PMS
rekomendasi suplemen pramenstruasi sindrom,suplemen_PMS
suplemen pm,suplemen_PMS
suplemen pm,suplemen_PMS
suplemen mengurangi gejala pm,suplemen_PMS
bagaimana dosis penggunaan suplemen menstruasi,cara_penggunaan_suplemen
penggunaan suplemen mengatasi menstruasi,cara_penggunaan_suplemen
cara penggunaan suplemen menstruasi,cara_penggunaan_suplemen
penggunaan suplemen,cara_penggunaan_suplemen
dosis penggunaan suplemen mentruasi,cara_penggunaan_suplemen
tutorial penggunaan suplemen menstruasi,cara_penggunaan_suplemen
apa jamu pelancar menstruasi,jamu_pelancar_menstruasi
cara jamu pelancar menstruasi,jamu_pelancar_menstruasi
jamu pelancar haid,jamu_pelancar_menstruasi
jamu pelancar menstruasi,jamu_pelancar_menstruasi
efek samping jamu pelancar haid,dampak_jamu_pelancar_menstruasi
efek samping jamu pelancar menstruasi,dampak_jamu_pelancar_menstruasi
dampak jamu pelancar menstruasi,dampak_jamu_pelancar_menstruasi
dampak jamu pelancar haid,dampak_jamu_pelancar_menstruasi
risiko jamu pelancar menstruasi,dampak_jamu_pelancar_menstruasi
bagaimana memilih jamu pelancar menstruasi aman efektif,cara_memilih_jamu_pelancar_menstruasi
cara memilih jamu pelancar menstruasi,cara_memilih_jamu_pelancar_menstruasi
memilih jamu pencar haid,cara_memilih_jamu_pelancar_menstruasi
memilih jamu pelancar menstruasi,cara_memilih_jamu_pelancar_menstruasi
rekomendasi memilih jamu pelancar menstruasi,cara_memilih_jamu_pelancar_menstruasi
apa ciriciri khas pendarahan implantasi,gejala_pendarahan_implantasi
tandatanda pendarahan implantasi,gejala_pendarahan_implantasi
gejala pendarahan implantasi,gejala_pendarahan_implantasi
tandatanda pendarahan implantasi,gejala_pendarahan_implantasi
berapa pendarahan implantasi,durasi_pendarahan_implantasi
durasi pendarahan implantasi,durasi_pendarahan_implantasi
lama pendarahan implantasi,durasi_pendarahan_implantasi
apakah pendarahan implantasi wanita hamil,pendarahan_implantasi_wanita_hamil
pendarahan implantasi kehamilan,pendarahan_implantasi_wanita_hamil
apakah wanita mengalami pendarahan implantasi,pendarahan_implantasi_wanita_hamil
bagaimana mengenali pendarahan implantasi,mengenali_pendarahan_implantasi
cara pendarahan implantasi gejala,mengenali_pendarahan_implantasi
cara mengenali pendarahan implantasi gejala,mengenali_pendarahan_implantasi
pendarahan implantasi,mengenali_pendarahan_implantasi
mengenali pendarahan implantasi,mengenali_pendarahan_implantasi
apakah wanita penebalan dinding rahim memiliki kesempatan hamil,penebalan_dinding_rahim_kehamilan
kemungkinan hamil penebalan dinding rahim,penebalan_dinding_rahim_kehamilan
penebalan dinding rahim kehamilan,penebalan_dinding_rahim_kehamilan
penebalan dinding rahim wanita hamil,penebalan_dinding_rahim_kehamilan
bagaimana penebalan dinding rahim memengaruhi kemampuan wanita hamil,dampak_penebalan_dinding_rahim_pada_kehamilan
efek penebalan dinding rahim kehamilan,dampak_penebalan_dinding_rahim_pada_kehamilan
dampak penebalan dinding rahim kehamilan,dampak_penebalan_dinding_rahim_pada_kehamilan
pengaruh penebalan dinding rahim kehamilan,dampak_penebalan_dinding_rahim_pada_kehamilan
apakah pengobatan tindakan medis membantu wanita penebalan dinding rahim,pengobatan_penebalan_dinding_rahim
pengobatan penebalan dinding rahim,pengobatan_penebalan_dinding_rahim
mengobati penebalan dinding rahim,pengobatan_penebalan_dinding_rahim
mengatasi penebalan dinding rahim,pengobatan_penebalan_dinding_rahim
apa terapi alternatif mengurangi gangguan mentruasi,terapi_alternatif_gangguan_menstruasi
terapi alternatif mengurangi gangguan menstruasi,terapi_alternatif_gangguan_menstruasi
penggunaan terapi alternatif mengurangi menstruasi,terapi_alternatif_gangguan_menstruasi
apakah komplikasi gangguan menstruasi memengaruhi kemampuan hamil,pengaruh_gangguan_menstruasi_kehamilan
pengaruh gangguan menstruasi kesuburan hamil,pengaruh_gangguan_menstruasi_kehamilan
pengaruh gangguan menstruasi kehamilan,pengaruh_gangguan_menstruasi_kehamilan
bagaimana pencegahan gangguan menstruasi gaya hidup seharihari,pencegahan_gangguan_menstruasi_gaya_hidup
tip gaya hidup mencegah gangguan menstruasi,pencegahan_gangguan_menstruasi_gaya_hidup
gaya hidup menghindari gangguan menstruasi,pencegahan_gangguan_menstruasi_gaya_hidup
menghindari gangguan menstruasi gaya hidup,pencegahan_gangguan_menstruasi_gaya_hidup
apakah makanan diet membantu mencegah gangguan menstruasi,makanan_diet_mencegah_gangguan_menstruasi
makanan diet menghindari gangguan menstruasi,makanan_diet_mencegah_gangguan_menstruasi
makanan diet mencegah gangguan menstruasi,makanan_diet_mencegah_gangguan_menstruasi
diet menghidari gangguan menstruasi,makanan_diet_mencegah_gangguan_menstruasi
diet mencegah gangguan menstruasi,makanan_diet_mencegah_gangguan_menstruasi
bagaimana menjaga kesehatan tubuh mental membantu mencegah gangguan menstruasi,kesehatan_tubuh_mental_mencegah_gangguan_menstruasi
kesehatan tubuh mental mencegah gangguan menstruasi,kesehatan_tubuh_mental_mencegah_gangguan_menstruasi
kesehatan tubuh mental menghindari gangguan menstruasi,kesehatan_tubuh_mental_mencegah_gangguan_menstruasi
kesehatan tubuh mental menghindari gangguan menstruasi,kesehatan_tubuh_mental_mencegah_gangguan_menstruasi
menjaga kesehatan tubuh mental mencegah gangguan menstruasi,kesehatan_tubuh_mental_mencegah_gangguan_menstruasi
apa ciriciri khas keputihan normal,gejala_keputihan
tandatanda keputihan normal,gejala_keputihan
gejala keputihan normal,gejala_keputihan
tandatanda keputihan normal,gejala_keputihan
apakah infeksi alergi menyebabkan keputihan,infeksi_alergi_penyebab_keputihan
infeksi alergi penyebab keputihan,infeksi_alergi_penyebab_keputihan
infeksi alergi penyebab keputihan,infeksi_alergi_penyebab_keputihan
apakah tindakan diambil menghindari mencegah keputihan,pencegahan_keputihan
cara menghindari keputihan,pencegahan_keputihan
pencegahan keputihan,pencegahan_keputihan
mencegah keputihan,pencegahan_keputihan
bagaimana mengatasi keputihan normal,pengobatan_keputihan_tidak_normal
pengobatan keputihan normal,pengobatan_keputihan_tidak_normal
mengatasi keputihan normal,pengobatan_keputihan_tidak_normal
penanganan keputihan abnormal,pengobatan_keputihan_tidak_normal
apakah obat krim aman mengatasi keputihan,obat_krim_keputihan
obatobatan krim keputihan,obat_krim_keputihan
obat krim mengatasi keputihan,obat_krim_keputihan
bagaimana menjaga kebersihan area genital membantu mengatasi keputihan,kebersihan_keputihan
kebersihan area genital keputihan,kebersihan_keputihan
menjaga kebersihan area genital keputihan,kebersihan_keputihan
apakah pemilihan pakaian memengaruhi keputihan,pakaian_keputihan
pemilihan pakaian keputihan,pakaian_keputihan
pemilihan pakaian keputihan,pakaian_keputihan
pilihan pakaian keputihan,pakaian_keputihan
apa pengertian endometriosis,pengertian_endometriosis
endometriosis,pengertian_endometriosis
definisikan endometriosis,pengertian_endometriosis
definisi endometriosis,pengertian_endometriosis
apa endometriosis,pengertian_endometriosis
endometriosis,pengertian_endometriosis
jelaskan endometriosis,pengertian_endometriosis
apa gejala endometriosis,gejala_endometriosis
tandatanda endometriosis,gejala_endometriosis
gejala endometriosis,gejala_endometriosis
tandatanda endometriosis,gejala_endometriosis
bagaimana mengobati endometriosis,pengobatan_endometriosis
bagaimana mengatasi endometriosis,pengobatan_endometriosis
perawatan endometriosis,pengobatan_endometriosis
pengobatan endometriosis,pengobatan_endometriosis
mengatasi endometriosis,pengobatan_endometriosis
apa menyebabkan endometriosis,penyebab_endometriosis
penyebab endometriosis,penyebab_endometriosis
faktor penyebab endometriosis,penyebab_endometriosis
apa memicu endometriosis,penyebab_endometriosis
apa menyebabkan endometriosis,penyebab_endometriosis
apa perbedaan endometriosis pcos,perbedaan_endometriosis_dan_PCOS
perbandingan endometriosis pcos,perbedaan_endometriosis_dan_PCOS
endometriosis v pcos,perbedaan_endometriosis_dan_PCOS
perbedaan pcos endometriosis,perbedaan_endometriosis_dan_PCOS
apa komplikasi endometriosis,dampak_endometriosis
risiko komplikasi endometriosis,dampak_endometriosis
dampak endometriosis,dampak_endometriosis
dampak endometrosis,dampak_endometriosis
efek endometriosis,dampak_endometriosis
apa pengaruh hormon perkembangan endometriosis,pengaruh_hormon_endometriosis
pengaruh hormon endometriosis,pengaruh_hormon_endometriosis
peran hormon endometriosis,pengaruh_hormon_endometriosis
bagaimana mendiagnosis endometriosis,diagnosis_endometriosis
pengujian endometriosis,diagnosis_endometriosis
diagnosis endometriosis,diagnosis_endometriosis
apa peran fase menstruasi endometriosis,pengaruh_fase_menstruasi_endometriosis
pengaruh siklus menstruasi endometriosis,pengaruh_fase_menstruasi_endometriosis
pengaruh fase menstruasi endometriosis,pengaruh_fase_menstruasi_endometriosis
bagaimana dampak endometriosis memengaruhi siklus menstruasi,dampak_endometriosis_pada_siklus_menstruasi
dampak endometriosis menstruasi,dampak_endometriosis_pada_siklus_menstruasi
efek endometriosis siklus menstruasi,dampak_endometriosis_pada_siklus_menstruasi
apa pengertian pcos,pengertian_PCOS
pcos,pengertian_PCOS
definisikan pcos,pengertian_PCOS
definisi pcos,pengertian_PCOS
apa pcos,pengertian_PCOS
pcos,pengertian_PCOS
jelaskan pcos,pengertian_PCOS
apa pcos polycystic ovary syndrome,pengertian_PCOS
apa gejala pcos,gejala_PCOS
tandatanda pcos,gejala_PCOS
gejala pcos,gejala_PCOS
tandatanda pcos,gejala_PCOS
bagaimana mengobati pcos,pengobatan_PCOS
bagaimana mengatasi pcos,pengobatan_PCOS
perawatan pcos,pengobatan_PCOS
pengobatan pcos,pengobatan_PCOS
mengatasi pcos,pengobatan_PCOS
apa penyebab pcos,penyebab_PCOS
penyebab pcos,penyebab_PCOS
faktor penyebab pcos,penyebab_PCOS
apa menyebabkan pcos,penyebab_PCOS
apa memicu pcos,penyebab_PCOS
apa menyebabkan pcos,penyebab_PCOS
apa komplikasi pcos,dampak_PCOS
risiko komplikasi pcos,dampak_PCOS
dampak pcos,dampak_PCOS
dampak pcos,dampak_PCOS
efek pcos,dampak_PCOS
apa pengaruh hormon perkembangan pcos,pengaruh_hormon_PCOS
pengaruh hormon pcos,pengaruh_hormon_PCOS
peran hormon pcos,pengaruh_hormon_PCOS
apa pengaruh pcos kesuburan,pengaruh_PCOS_terhadap_kesuburan
peran pcos kesuburan,pengaruh_PCOS_terhadap_kesuburan
hubungan pcos kesuburan wanita,pengaruh_PCOS_terhadap_kesuburan
apa membedakan siklus menstruasi normal normal,perbedaan_siklus_menstruasi_normal_dan_tidak_normal
perbedaan siklus menstruasi normal normal,perbedaan_siklus_menstruasi_normal_dan_tidak_normal
cara membedakan siklus menstruasi normal normal,perbedaan_siklus_menstruasi_normal_dan_tidak_normal
berapa durasi siklus menstruasi normal,durasi_siklus_menstruasi_normal
siklus menstruasi normal,durasi_siklus_menstruasi_normal
durasi menstruasi normal,durasi_siklus_menstruasi_normal
apa tanda siklus menstruasi normal,gejala_siklus_menstruasi_tidak_normal
gejala siklus menstruasi normal,gejala_siklus_menstruasi_tidak_normal
ciriciri siklus menstruasi normal,gejala_siklus_menstruasi_tidak_normal
apa jenis siklus menstruasi normal,jenis_siklus_menstruasi_tidak_normal
macammacam siklus menstruasi normal,jenis_siklus_menstruasi_tidak_normal
jenisjenis siklus menstruasi normal,jenis_siklus_menstruasi_tidak_normal
bagaimana hormon memengaruhi fase siklus menstruasi,pengaruh_hormon_pada_siklus_menstruasi
peran hormon siklus menstruasi,pengaruh_hormon_pada_siklus_menstruasi
pengaruh hormon siklus mentruasi,pengaruh_hormon_pada_siklus_menstruasi
apa mempengaruhi fase menstruasi individu,pengaruh_individu_pada_siklus_menstruasi
faktorfaktor memengaruhi siklus menstruasi individu,pengaruh_individu_pada_siklus_menstruasi
apa penyebab siklus menstruasi normal,penyebab_siklus_menstruasi_tidak_normal
penyebab siklus menstruasi normal,penyebab_siklus_menstruasi_tidak_normal
faktor penyebab siklus menstruasi normal,penyebab_siklus_menstruasi_tidak_normal
bagaimana mengobati gangguan siklus menstruasi,pengobatan_gangguan_siklus_menstruasi
perawatan siklus menstruasi normal,pengobatan_gangguan_siklus_menstruasi
terapi gangguan siklus menstruasi,pengobatan_gangguan_siklus_menstruasi
bagaimana mengatasi mengelola gangguan siklus mentruasi,pengobatan_gangguan_siklus_menstruasi
mengatasi gangguan siklus mentruasi,pengobatan_gangguan_siklus_menstruasi
tip mengatasi gangguan siklus mentruasi,pengobatan_gangguan_siklus_menstruasi
pengobatan gangguan siklus mentruasi,pengobatan_gangguan_siklus_menstruasi
bagaimana menghitung siklus menstruasi normal,cara_menghitung_siklus_menstruasi
cara mengukur siklus menstruasi normal,cara_menghitung_siklus_menstruasi
perhitungan siklus menstruasi,cara_menghitung_siklus_menstruasi
apa arti warna darah menstruasi,arti_warna_darah_menstruasi
warna darah menstruasi,arti_warna_darah_menstruasi
makna warna darah menstruasi,arti_warna_darah_menstruasi
apa fase folikular,fase_folikular
fase folikular,fase_folikular
prose fase folikular,fase_folikular
fase folikular,fase_folikular
apa fase ovulasi,fase_ovulasi
fase ovulasi,fase_ovulasi
prose fase ovulasi,fase_ovulasi
fase ovulasi,fase_ovulasi
apa fase luteal,fase_luteal
fase luteal,fase_luteal
prose fase luteal,fase_luteal
fase luteal,fase_luteal
apa nyeri menstruasi,pengertian_nyeri_menstruasi
definisi nyeri menstruasi,pengertian_nyeri_menstruasi
pengertian nyeri menstruasi,pengertian_nyeri_menstruasi
apa pengertian nyeri menstruasi,pengertian_nyeri_menstruasi
nyeri menstruasi,pengertian_nyeri_menstruasi
definisikan nyeri menstruasi,pengertian_nyeri_menstruasi
nyeri menstruasi,pengertian_nyeri_menstruasi
jelaskan nyeri menstruasi,pengertian_nyeri_menstruasi
apa penyebab nyeri menstruasi,penyebab_nyeri_menstruasi
faktor penyebab nyeri menstruasi,penyebab_nyeri_menstruasi
apa penyebab nyeri menstruasi,penyebab_nyeri_menstruasi
nyeri menstruasi,penyebab_nyeri_menstruasi
apa faktor risiko memperburuk nyeri menstruasi,memperburuk_nyeri_menstruasi
faktor memperparah nyeri menstruasi,memperburuk_nyeri_menstruasi
apa memperparah nyeri menstruasi,memperburuk_nyeri_menstruasi
apa gejala nyeri menstruasi,gejala_nyeri_menstruasi
tanda nyeri menstruasi,gejala_nyeri_menstruasi
ciriciri nyeri menstruasi,gejala_nyeri_menstruasi
bagaimana diagnosis nyeri menstruasi,diagnosis_nyeri_menstruasi
prose diagnosis nyeri menstruasi,diagnosis_nyeri_menstruasi
cara mendiagnosis nyeri menstruasi,diagnosis_nyeri_menstruasi
bagaimana menangani nyeri menstruasi,pengobatan_nyeri_menstruasi
cara mengatasi nyeri menstruasi,pengobatan_nyeri_menstruasi
pengobatan nyeri menstruasi,pengobatan_nyeri_menstruasi
apa komplikasi nyeri menstruasi,dampak_nyeri_menstruasi
dampak nyeri menstruasi,dampak_nyeri_menstruasi
efek samping nyeri menstruasi,dampak_nyeri_menstruasi
bagaimana mencegah nyeri menstruasi,pencegahan_nyeri_menstruasi
cara menghindari nyeri menstruasi,pencegahan_nyeri_menstruasi
pencegahan nyeri menstruasi,pencegahan_nyeri_menstruasi
menghindari nyeri menstruasi,pencegahan_nyeri_menstruasi
apa jenisjenis nyeri menstruasi,jenis_nyeri_menstruasi
macammacam nyeri menstruasi,jenis_nyeri_menstruasi
jenisjenis nyeri menstruasi,jenis_nyeri_menstruasi
apa mempercepat menstruasi,cara_mempercepat_menstruasi
cara mempercepat menstruasi,cara_mempercepat_menstruasi
apa jenis obat mempercepat menstruasi,obat_mempercepat_menstruasi
obat mempercepat menstruasi,obat_mempercepat_menstruasi
penggunaan obat mempercepat menstruasi,obat_mempercepat_menstruasi
bagaimana menjaga menstruasi teratur bulannya,cara_menjaga_menstruasi_teratur
cara mengatur siklus menstruasi teratur,cara_menjaga_menstruasi_teratur
cara menjaga siklus menstruasi teratur,cara_menjaga_menstruasi_teratur
tip menjaga siklus menstruasi teratur,cara_menjaga_menstruasi_teratur
apa menyebabkan menstruasi terlambat,penyebab_menstruasi_terlambat
penyebab menstruasi terlambat,penyebab_menstruasi_terlambat
faktorfaktor memengaruhi keterlambatan menstruasi,penyebab_menstruasi_terlambat
berapa bata telat menstruasi diwaspadai,batas_telat_menstruasi
kapan menstruasi dianggap terlambat,batas_telat_menstruasi
durasi maksimal keterlambatan menstruasi,batas_telat_menstruasi
apakah mitos terkait menstruasi,mitos_menstruasi
mitos menstruasi,mitos_menstruasi
mitos menstruasi,mitos_menstruasi
apakah keramas menstruasi menyebabkan,keramas_menstruasi
apakah aman keramas menstruasi,keramas_menstruasi
keramas menstruasi,keramas_menstruasi
apakah makan nanas menstruasi memiliki efek,dampak_makan_nanas_saat_menstruasi
pengaruh mengonsumsi nanas menstruasi,dampak_makan_nanas_saat_menstruasi
makan nanas menstruasi,dampak_makan_nanas_saat_menstruasi
dampak makan nanas menstruasi,dampak_makan_nanas_saat_menstruasi
efek samping makan nanas menstruasi,dampak_makan_nanas_saat_menstruasi
apakah minuman bersoda menstruasi memiliki efek,dampak_minuman_bersoda_dan_menstruasi
minum bersoda menstruasi,dampak_minuman_bersoda_dan_menstruasi
dampak minum bersoda menstruas,dampak_minuman_bersoda_dan_menstruasi
pengaruh minum bersoda menstruasi,dampak_minuman_bersoda_dan_menstruasi
efek samping minum bersoda menstruasi,dampak_minuman_bersoda_dan_menstruasi
apakah memotong kuku menstruasi memiliki efek,dampak_memotong_kuku_saat_menstruasi
memotong kuku menstruasi,dampak_memotong_kuku_saat_menstruasi
dampak memotong kuku menstruas,dampak_memotong_kuku_saat_menstruasi
pengaruh memotong kuku menstruasi,dampak_memotong_kuku_saat_menstruasi
efek samping memotong kuku menstruasi,dampak_memotong_kuku_saat_menstruasi
apakah larangan makanan menstruasi,larangan_makanan_saat_menstruasi
makanan dilarang menstruasi,larangan_makanan_saat_menstruasi
makanan dihindari menstruasi,larangan_makanan_saat_menstruasi
apakah berenang menstruasi memiliki efek,berenang_saat_menstruasi
berenang menstruasi,berenang_saat_menstruasi
dampak berenang menstruas,berenang_saat_menstruasi
pengaruh berenang menstruasi,berenang_saat_menstruasi
efek samping berenang menstruasi,berenang_saat_menstruasi
risiko berenang menstruasi,berenang_saat_menstruasi
apakah makanan membantu mengurangi nyeri menstruasi,makanan_pengurang_nyeri_menstruasi
makanan meredakan nyeri menstruasi,makanan_pengurang_nyeri_menstruasi
makanan pengurang nyeri menstruasi,makanan_pengurang_nyeri_menstruasi
makanan mengurangi dismenore,makanan_pengurang_nyeri_menstruasi
makanan mengurangi nyeri menstruasi,makanan_pengurang_nyeri_menstruasi
mengapa darah menstruasi menggumpal,penyebab_darah_menstruasi_menggumpal
apa penyebab darah menstruasi menggumpal,penyebab_darah_menstruasi_menggumpal
penyebab darah menstruasi menggumpal,penyebab_darah_menstruasi_menggumpal
faktor penyebab darah menstruasi menggumpal,penyebab_darah_menstruasi_menggumpal
bagaimana mengatasi darah menstruasi menggumpal,cara_mengatasi_darah_menstruasi_menggumpal
mengatasi darah menstruasi menggumpal,cara_mengatasi_darah_menstruasi_menggumpal
penanganan darah menstruasi menggumpal,cara_mengatasi_darah_menstruasi_menggumpal
apakah darah menstruasi menggumpal tanda kesehatan,darah_menstruasi_menggumpal_dan_masalah_kesehatan
masalah kesehatan berkaitan darah menstruasi menggumpal,darah_menstruasi_menggumpal_dan_masalah_kesehatan
darah menstruasi menggumpal berpengaruh kesehatan,darah_menstruasi_menggumpal_dan_masalah_kesehatan
bagaimana membedakan darah menstruasi normal darah menggumpal,perbedaan_darah_menstruasi_normal_dan_menggumpal
perbedaan darah menstruasi normal menggumpal,perbedaan_darah_menstruasi_normal_dan_menggumpal
cara membedakan darah menstruasi normal darah menggumpal,perbedaan_darah_menstruasi_normal_dan_menggumpal
perbedaan darah menstruasi normal menggumpal,perbedaan_darah_menstruasi_normal_dan_menggumpal
perbandingan darah menstruasi normal menggumpal,perbedaan_darah_menstruasi_normal_dan_menggumpal
apakah faktorfaktor mempengaruhi tekstur darah menstruasi,pengaruh_tekstur_darah_menstruasi
faktor memengaruhi tekstur darah menstruasi,pengaruh_tekstur_darah_menstruasi
penyebab perubahan tekstur darah menstruasi,pengaruh_tekstur_darah_menstruasi
faktorfaktor mempengaruhi darah menstruasi,pengaruh_tekstur_darah_menstruasi
apa penyebab menstruasi lancar,penyebab_menstruasi_tidak_lancar
penyebab siklus menstruasi teratur,penyebab_menstruasi_tidak_lancar
faktor memengaruhi menstruasi lancar,penyebab_menstruasi_tidak_lancar
apa menyebabkan menstruasi lancar,penyebab_menstruasi_tidak_lancar
apa memicu menstruasi lancar,penyebab_menstruasi_tidak_lancar
apa menyebabkan menstruasi lancar,penyebab_menstruasi_tidak_lancar
bagaimana menjaga menstruasi lancar,cara_menjaga_menstruasi_tetap_lancar
tip menjaga siklus menstruasi lancar,cara_menjaga_menstruasi_tetap_lancar
mengatur menstruasi lancar,cara_menjaga_menstruasi_tetap_lancar
cara mengatur siklus menstruasi lancar,cara_menjaga_menstruasi_tetap_lancar
apa mengatasi menstruasi lancar,cara_mengatasi_masalah_menstruasi_tidak_lancar
tip mengatasi siklus menstruasi teratur,cara_mengatasi_masalah_menstruasi_tidak_lancar
pengobatan menstruasi lancar,cara_mengatasi_masalah_menstruasi_tidak_lancar
makanan membantu menjaga menstruasi lancar,makanan_menjaga_menstruasi_tetap_lancar
makanan siklus menstruasi lancar,makanan_menjaga_menstruasi_tetap_lancar
makanan mendukung siklus menstruasi lancar,makanan_menjaga_menstruasi_tetap_lancar
hormon memengaruhi siklus menstruasi,hormon_pada_siklus_menstruasi
peran hormon siklus menstruasi,hormon_pada_siklus_menstruasi
bagaimana hormon memengaruhi menstruasi,hormon_pada_siklus_menstruasi
bagaimana hormon progesteron mempengaruhi siklus menstruasi,pengaruh_progesteron_pada_siklus_menstruasi
peran progesteron siklus menstruasi,pengaruh_progesteron_pada_siklus_menstruasi
apa hormon progesteron tubuh menstruasi,pengaruh_progesteron_pada_siklus_menstruasi
apa hormonhormon seimbang,ketidakseimbangan_hormon
dampak ketidakseimbangan hormon tubuh,ketidakseimbangan_hormon
efek ketidakseimbangan hormon,ketidakseimbangan_hormon
risiko ketidakseimbangan hormon,ketidakseimbangan_hormon
gejala ketidakseimbangan hormon,ketidakseimbangan_hormon
apa penyakitpenyakit memicu telat menstruasi,penyakit_penyebab_telat_menstruasi
penyakit penyebab menstruasi terlambat,penyakit_penyebab_telat_menstruasi
penyakit meyebabkan menstruasi telat,penyakit_penyebab_telat_menstruasi
penyakit faktor telatnya menstruasi,penyakit_penyebab_telat_menstruasi
kondisi kesehatan menyebabkan menstruasi telat,penyakit_penyebab_telat_menstruasi
bagaimana mengidentifikasi penyakit menyebabkan menstruasi terlambat,cara_identifikasi_penyakit_penyebab_telat_menstruasi
tandatanda penyakit memengaruhi siklus menstruasi,cara_identifikasi_penyakit_penyebab_telat_menstruasi
gejala penyakit memicu telat menstruasi,cara_identifikasi_penyakit_penyebab_telat_menstruasi
bagaimana pengobatan penyakit memengaruhi siklus menstruasi,pengobatan_penyakit_dan_siklus_menstruasi
perubahan siklus menstruasi pengobatan penyakit,pengobatan_penyakit_dan_siklus_menstruasi
efek pengobatan penyakit menstruasi,pengobatan_penyakit_dan_siklus_menstruasi
bagaimana wanita memantau memeriksa kesehatan menstruasi,memantau_kesehatan_menstruasi
cara memeriksa kesehatan menstruasi,memantau_kesehatan_menstruasi
tip memantau kesehatan siklus menstruasi,memantau_kesehatan_menstruasi
tandatanda diperhatikan kesehatan menstruasi,tanda_tanda_kesehatan_menstruasi
tandatanda kesehatan menstruasi,tanda_tanda_kesehatan_menstruasi
gejala diperhatikan kesehatan siklus menstruasi,tanda_tanda_kesehatan_menstruasi
apakah diet membantu menjaga siklus menstruasi sehat,diet_dan_siklus_menstruasi
peran diet menjaga siklus menstruasi sehat,diet_dan_siklus_menstruasi
diet mendukung kesehatan menstruasi,diet_dan_siklus_menstruasi
apakah aktivitas fisik memengaruhi menstruasi,aktivitas_fisik_dan_siklus_menstruasi
peran aktivitas fisik siklus menstruasi,aktivitas_fisik_dan_siklus_menstruasi
pengaruh aktivitas fisik kesehatan menstruasi,aktivitas_fisik_dan_siklus_menstruasi
apa dampak ketidaknormalan siklus menstruasi kemampuan reproduksi,pengaruh_ketidaknormalan_siklus_menstruasi_terhadap_reproduksi
siklus menstruasi teratur kesuburan,pengaruh_ketidaknormalan_siklus_menstruasi_terhadap_reproduksi
bagaimana siklus menstruasi memengaruhi kemampuan hamil,pengaruh_ketidaknormalan_siklus_menstruasi_terhadap_reproduksi
metode efektif mengatasi stres perubahan mood menstruasi,mengatasi_stres_dan_perubahan_mood
bagaimana mengelola gejala stres menstruasi,mengatasi_stres_dan_perubahan_mood
mengatasi stres menstruasi,mengatasi_stres_dan_perubahan_mood
apa diajarkan anak perempuan menstruasi,pendidikan_menstruasi
cara mengedukasi anakanak menstruasi,pendidikan_menstruasi
program pendidikan menstruasi efektif,pendidikan_menstruasi
pendidikan menstruasi,pendidikan_menstruasi
strategi nonobat efektif mengatasi nyeri menstruasi,strategi_non_obat_nyeri_menstruasi
cara mengatasi nyeri menstruasi nonobat obat,strategi_non_obat_nyeri_menstruasi
bagaimana merawat menstruasi,perawatan_diri_selama_menstruasi
cara merawat menstruasi,perawatan_diri_selama_menstruasi
kapan berkonsultasi dokter menstruasi,kapan_berkonsultasi_dokter
berkonsultasi dokter menstruasi,kapan_berkonsultasi_dokter
tandatanda anda berkonsultasi dokter menstruasi,kapan_berkonsultasi_dokter
bagaimana menemukan spesialis kesehatan menstruasi,spesialis_kesehatan_menstruasi
cara mencari dokter spesialis kesehatan menstruasi,spesialis_kesehatan_menstruasi
pemilihan dokter cocok menstruasi,spesialis_kesehatan_menstruasi
bagaimana siklus menstruasi berubah seiring pertambahan usia,perubahan_siklus_menstruasi_dengan_usia
perubahan siklus menstruasi seiring bertambahnya usia,perubahan_siklus_menstruasi_dengan_usia
apakah siklus menstruasi berubah memasuki usia,perubahan_siklus_menstruasi_dengan_usia
anda,agent.acquaintance
anda,agent.acquaintance
kepribadian anda,agent.acquaintance
gambarkan anda,agent.acquaintance
ceritakan anda,agent.acquaintance
ceritakan anda,agent.acquaintance
anda,agent.acquaintance
siapa kamu,agent.acquaintance
kamu,agent.acquaintance
bicara dirimu,agent.acquaintance
kamu,agent.acquaintance
kamu siapa,agent.acquaintance
siapa,agent.acquaintance
umurmu,agent.age
umur platformmu,agent.age
umurmu,agent.age
umurmu,agent.age
umurmu,agent.age
umurmu,agent.age
kamu membuatku kesal,agent.annoying
kamu [ menyebalkan|menggangguku ],agent.annoying
kamu mengganggu,agent.annoying
kamu menjengkelkan,agent.annoying
kamu menjengkelkan,agent.annoying
kamu [ buruk|jelek|tidak berguna|siasia|yang terburuk ],agent.bad
membencimu,agent.bad
pintar,agent.beclever
kamu pintar,agent.beclever
kamu belajar,agent.beclever
pintar,agent.beclever
kamu [ biasa|baik|menyapa|luar ] [ ini| ],agent.beautiful
menurutku kamu cantik,agent.beautiful
[ ulang tahunmu ],agent.birthday
kamu [ lahir|berulang tahun|merayakan ulang tahunmu ],agent.birthday
betapa membosankannya kamu,agent.boring
kamu membosankan,agent.boring
kamu benarbenar membosankan,agent.boring
kamu membuatku bosan,agent.boring
siapa [ bosmu|pemilikmu|bosnya|majikanmu ],agent.boss
siapa kamu,agent.boss
menurutmu siapa bosmu,agent.boss
aku bosmu,agent.boss
kamu [ sibuk|masih bekerja|sibuk|bekerja ini|masih mengerjakannya ],agent.busy
kamu [ orang|tampak ] sibuk,agent.busy
kamu membantuku,agent.canyouhelp
kamu untukku,agent.canyouhelp
bantu,agent.canyouhelp
butuh kamu membantuku,agent.canyouhelp
butuh bantuanmu,agent.canyouhelp
kamu membantuku,agent.canyouhelp
kamu bantu,agent.canyouhelp
kamu [ bot|seorang chatbot|program ],agent.chatbot
kamu robot,agent.chatbot
kamu [ robot|chatbot ],agent.chatbot
pintar anda,agent.clever
anda berkualitas,agent.clever
anda pintar,agent.clever
anda memiliki pengetahuan,agent.clever
anda,agent.clever
anda cerdas,agent.clever
anda cookie cerdas,agent.clever
kamu orang aneh,agent.crazy
kamu gila,agent.crazy
aku memecatmu,agent.fire
kamu dipecat,agent.fire
kamu dipecat,agent.fire
,agent.fire
kamu dipecat,agent.fire
aku memecatmu,agent.fire
kamu untukku,agent.fire
kamu membuatku tertawa,agent.funny
kamu lucu,agent.funny
kamu lucu,agent.funny
kamu lucu,agent.funny
kamu membuatku tertawa,agent.funny
kamu [ cantik|baik ],agent.good
kamu,agent.good
kamu [ biasa|baik ],agent.good
kamu harihariku menyenangkan,agent.good
kamu penuh kebahagiaan,agent.happy
kamu [ bahagia ini|senang denganku ],agent.happy
kamu bahagia,agent.happy
hobimu,agent.hobby
hobimu,agent.hobby
kamu hobi,agent.hobby
ceritakan hobimu,agent.hobby
kamu lakukan bersenangsenang,agent.hobby
kamu lapar,agent.hungry
kamu lapar,agent.hungry
kamu makan,agent.hungry
kamu makan,agent.hungry
kamu lapar,agent.hungry
maukah kau menikah denganku,agent.marryuser
mencintaimu menikah denganku,agent.marryuser
menikahlah denganku,agent.marryuser
menikah denganmu,agent.marryuser
mari menikah,agent.marryuser
menikah,agent.marryuser
menikahlah,agent.marryuser
kamu temanku,agent.myfriend
kamu satusatunya temanku,agent.myfriend
memiliki teman sepertimu,agent.myfriend
teman,agent.myfriend
temanmu,agent.myfriend
maukah kamu temanku,agent.myfriend
berteman,agent.myfriend
dimana kamu,agent.occupation
lokasi kantor anda,agent.occupation
dimana lokasi kantor,agent.occupation
dimana kamu,agent.occupation
dimana kantormu,agent.occupation
[ asal|negara ] anda,agent.origin
anda [ berasal|dilahirkan ],agent.origin
kamu,agent.ready
kamu,agent.ready
kamu [ ini|pagi ini|sekarang ],agent.ready
kamu nyata,agent.real
kamu orang nyata,agent.real
kamu nyata,agent.real
saya pikir kamu nyata,agent.real
kamu nyata,agent.real
kamu orang nyata,agent.real
anda palsu,agent.real
[ rumahmu|kediamanmu ],agent.residence
ceritakan kotamu,agent.residence
tinggalmu,agent.residence
kotamu,agent.residence
[ kamu|itu sangat|itu ],agen.right
kamu,agen.right
kamu [ |sekarang|dengan ],agent.sure
bicara,agent.talktome
maukah kamu bicara,agent.talktome
mengobrol,agent.talktome
mengobrol,agent.talktome
kamu bicara,agent.talktome
kamu [ sana|sini ],agent.there
kamu [ sana|sini ],agent.there
kamu [ sana|sini ],agent.there
kamu memiliki agama,agent.religion
agama mu,agent.religion
kamu masuk agama,agent.religion
tunggu,dialog.holdon
tunggu sebentar,dialog.holdon
harap tunggu,dialog.holdon
kamu menunggu,dialog.holdon
peluk,dialog.hug
kamu pelukan,dialog.hug
pelukan,dialog.hug
kamu berpelukan,dialog.hug
memelukmu,dialog.hug
peduli,dialog.idontcare
peduli,dialog.idontcare
peduli,dialog.idontcare
saya peduli,dialog.idontcare
maaf,dialog.sorry
menyesal,dialog.sorry
maafkan,dialog.sorry
hai perkenalkan % name %,dialog.introduction
hai nama % name %,dialog.introduction
perkenalkan nama % name %,dialog.introduction
selamat tinggal,greetings.bye
selamat tinggal hatihati,greetings.bye
oke jumpa,greetings.bye
pergi,greetings.bye
[ halo|hai|helo ],greetings.hello
[ harimu|hari mu|kabarmu|kabar mu ],greetings.howareyou
kabar,greetings.howareyou
kamu,greetings.howareyou
[ saya| ] senang bertemu denganmu,greetings.nicetomeetyou
senang [ bertemu denganmu|melihatmu ],greetings.nicetoseeyou
[ saya| ] senang [ berbicara|mengobrol ] denganmu,greetings.nicetotalktoyou
mengobrol denganmu,greetings.nicetotalktoyou
assalamualaikum,greetings.islam
assalamualaikum warahmatullahi wabarakatu,greetings.islam
[ kamu| ],greetings.whatareyoudoing
[ kamu| ],greetings.whatareyoudoing
[ selamat| ] pagi,greetings.day
[ |selamat ] siang,greetings.noon
[ |selamat ] malam,greetings.night
teman,motivation.whatisitfriend
teman,motivation.whatisitfriend
pacar,motivation.whatis.boy/girl.friend
pacar,motivation.whatis.boy/girl.friend
sahabat,motivation.whatis.bestfriend
sahabat,motivation.whatis.bestfriend
sakit hati,motivation.borkenheart
menyerah,motivation.giveup
sanggup,motivation.giveup
menyerah,motivation.nevergiveup
,None
aku [ |sedang ] marah [ |padamu ],user.angry
aku [ kembali|di sini|telah ],user.back
,user.back
[ |ini|itu ] membosankan,user.bored
aku bosan,user.bored
membuatku bosan,user.bored
saya pekerjaan,user.busy
saya sibuk,user.busy
saya kelebihan beban,user.busy
saya,user.busy
ada lakukan,user.busy
saya [ insomnia|tidak tidur|sulit tidur ],user.cannotsleep
saya [ bersemangat|senang ],user.excited
betapa bersemangatnya,user.excited
aku [ |sangat ] menyukaimu,user.likeagent
kamu [ |sangat ] spesial,user.likeagent
test,user.testing
testing,user.testing
testing chatbot,user.testing
[ |aku ] mencintaimu,user.lovesagent
cinta padamu,user.lovesagent
mencintaimu,user.lovesagent
kurasa mencintaimu,user.lovesagent
saya butuh nasihat,user.needsadvice
anda nasihat,user.needsadvice
lakukan,user.needsadvice
,user.permission_to_ask
,user.permission_to_ask
,user.permission_to_ask
nanya,user.permission_to_ask
